品种,周期,时间,参数,仓位,累计收益率,年化收益率,最大回测,卡玛比率,夏普比率,开仓次数,平常次数,胜率,回测id
SHFE.BU,60s,"('2016-05-25', '2019-06-21')","(-10, 7.5)",0.1,16%,5%,22%,0.23103084100000001,0.289185128,294,294,0.534013605,1000
CZCE.MA,60s,"('2016-05-25', '2019-06-21')","(-7, 7)",0.1,53%,17%,17%,1.0353018090000001,0.7103235790000001,369,369,0.5013550139999999,1001
DCE.M,60s,"('2016-05-25', '2019-06-21')","(-7, 7)",0.1,6%,2%,17%,0.111373352,0.13121439199999999,215,215,0.497674419,1002
SHFE.NI,60s,"('2016-05-25', '2019-06-21')","(-200, 180)",0.1,50%,16%,18%,0.885979095,0.82059509,487,487,0.53798768,1003
SHFE.AG,60s,"('2016-05-25', '2019-06-21')","(-7, 6)",0.1,42%,14%,9%,1.5660385680000002,0.93206154,236,236,0.525423729,1004
CZCE.TA,60s,"('2016-05-25', '2019-06-21')","(-15, 10)",0.1,23%,7%,18%,0.414267909,0.39612332,320,320,0.478125,1005
SHFE.RU,60s,"('2016-05-25', '2019-06-21')","(-25, 20)",0.1,2%,1%,37%,0.021224418999999998,0.028897014,1039,1039,0.439846006,1006
DCE.PP,60s,"('2016-05-25', '2019-06-21')","(-15, 10)",0.1,1%,0%,38%,0.008529680999999999,0.012642519,843,843,0.45788849299999995,1007
DCE.J,60s,"('2016-05-25', '2019-06-21')","(-6.5, 5.5)",0.1,162%,53%,19%,2.721618312,1.8073395069999998,524,524,0.532442748,1008
CZCE.SR,60s,"('2016-05-25', '2019-06-21')","(-10, 10)",0.1,5%,2%,13%,0.134993838,0.172936593,205,205,0.47804878,1009
CZCE.AP,60s,"('2016-05-25', '2019-06-21')","(-30, 23)",0.1,17%,6%,15%,0.377981403,0.411036689,205,205,0.4926829270000001,1010
SHFE.CU,60s,"('2016-05-25', '2019-06-21')","(-50, 50)",0.1,-32%,-10%,40%,-0.26366500600000004,-0.832062237,822,822,0.4513382000000001,1011
DCE.JD,60s,"('2016-05-25', '2019-06-21')","(-12, 10)",0.1,17%,6%,14%,0.394384096,0.505321159,201,201,0.5323383079999999,1012
CZCE.SF,60s,"('2016-05-25', '2019-06-21')","(-10, 10)",0.1,46%,15%,47%,0.32072661199999997,0.24475198899999998,465,463,0.44924406,1013
CZCE.ZC,60s,"('2016-05-25', '2019-06-21')","(-0.9, 0.8)",0.1,-8%,-3%,30%,-0.086093893,-0.142138245,772,772,0.465025907,1014
CZCE.CF,60s,"('2016-05-25', '2019-06-21')","(-35, 30)",0.1,-25%,-8%,32%,-0.252323046,-0.5831859770000001,304,304,0.463815789,1015
SHFE.FU,60s,"('2018-06-30', '2019-06-30')","(-8, 7)",0.1,2%,3%,12%,0.21003713899999998,0.155413932,156,155,0.541935484,1016
DCE.EG,60s,"('2018-06-30', '2019-06-30')","(-9, 7.5)",0.1,-9%,-9%,9%,-0.942791761,-1.623719942,11,11,0.363636364,1017
CZCE.CJ,60s,"('2018-06-30', '2019-06-30')","(-9, 7.5)",0.1,-4%,-4%,5%,-0.7180500559999999,-0.5233511120000001,48,48,0.39583333299999995,1018
SHFE.RB,60s,"('2016-05-25', '2019-06-21')","(-9, 7.5)",0.1,185%,60%,15%,3.918772267,1.543513439,508,508,0.527559055,1019
DCE.I,60s,"('2016-05-25', '2019-06-21')","(-3, 2.5)",0.1,15%,5%,23%,0.215760553,0.26720648,160,160,0.51875,1020
SHFE.ZN,60s,"('2016-05-25', '2019-06-21')","(-20, 18)",0.1,-21%,-7%,42%,-0.164772348,-0.307458991,1891,1891,0.42199894200000004,1021
SHFE.AU,60s,"('2016-05-25', '2019-06-21')","(-0.5, 0.25)",0.1,9%,3%,13%,0.238615422,0.35232997200000005,182,182,0.549450549,1022
DCE.P,60s,"('2016-05-25', '2019-06-21')","(-6, 5)",0.1,-61%,-20%,65%,-0.305312287,-1.390766178,1048,1048,0.396946565,1023
INE.SC,60s,"('2016-05-25', '2019-06-21')","(-1.5, 1)",0.1,13%,4%,12%,0.352602375,0.36067473899999997,170,170,0.5,1024
CZCE.ZC,60s,"('2016-05-25', '2019-06-21')","(-0.9, 0.5)",0.1,32%,10%,22%,0.47695489799999996,0.396067324,1056,1056,0.4479166670000001,1025
CZCE.CF,60s,"('2016-05-25', '2019-06-21')","(-19, 14)",0.1,-54%,-17%,64%,-0.27118427300000003,-1.236262136,1014,1014,0.418145957,1026
SHFE.CU,60s,"('2016-05-25', '2019-06-21')","(-55, 45)",0.1,-36%,-12%,43%,-0.271070778,-0.9619364990000001,827,827,0.455864571,1027
CZCE.SR,60s,"('2016-05-25', '2019-06-21')","(-10, 4)",0.1,-52%,-17%,61%,-0.275593139,-1.236227495,617,617,0.448946515,1028
DCE.PP,60s,"('2016-05-25', '2019-06-21')","(-18, 15)",0.1,2%,1%,29%,0.018152738,0.025326286,514,514,0.476653696,1029
SHFE.RU,60s,"('2016-05-25', '2019-06-21')","(-30, 20)",0.1,-19%,-6%,44%,-0.14531545199999998,-0.260747443,925,925,0.435675676,1030
DCE.M,60s,"('2016-05-25', '2019-06-21')","(-6, 4)",0.1,-30%,-10%,37%,-0.259892093,-0.614340736,465,465,0.449462366,1031
DCE.I,60s,"('2016-05-25', '2019-06-21')","(-2.5, 2)",0.1,58%,19%,11%,1.734803998,0.770756827,265,265,0.513207547,1032
SHFE.ZN,60s,"('2016-05-25', '2019-06-21')","(-35, 25)",0.1,15%,5%,20%,0.239783407,0.201533485,961,961,0.465140479,1033
SHFE.AU,60s,"('2016-05-25', '2019-06-21')","(-0.4, 0.3)",0.1,3%,1%,15%,0.074614494,0.142116877,187,187,0.540106952,1034
DCE.P,60s,"('2016-05-25', '2019-06-21')","(-6, 7)",0.1,-61%,-20%,68%,-0.294110822,-1.619897214,824,824,0.41140776700000004,1035
CZCE.ZC,60s,"('2016-05-25', '2019-06-21')","(-0.9, 0.65)",0.1,3%,1%,24%,0.039095293999999996,0.043308602,897,897,0.45596432600000003,1036
CZCE.CF,60s,"('2016-05-25', '2019-06-21')","(-20, 15)",0.1,-43%,-14%,57%,-0.246722301,-0.955534525,925,925,0.437837838,1037
SHFE.CU,60s,"('2016-05-25', '2019-06-21')","(-65, 65)",0.1,-15%,-5%,28%,-0.175445159,-0.41214941,521,521,0.47024952,1038
CZCE.SR,60s,"('2016-05-25', '2019-06-21')","(-8, 7)",0.1,-22%,-7%,34%,-0.212463563,-0.558188981,433,433,0.4665127020000001,1039
DCE.PP,60s,"('2016-05-25', '2019-06-21')","(-17, 18)",0.1,-1%,0%,31%,-0.009875346,-0.016226028,466,466,0.47424892700000004,1040
SHFE.RU,60s,"('2016-05-25', '2019-06-21')","(-35, 20)",0.1,-17%,-6%,42%,-0.13596740699999998,-0.22778541800000002,850,850,0.441176471,1041
DCE.M,60s,"('2016-05-25', '2019-06-21')","(-4, 5)",0.1,-32%,-10%,42%,-0.24725812100000005,-0.755433114,530,530,0.439622642,1042
SHFE.HC,60s,"('2016-05-25', '2019-06-21')","(-9, 7.5)",0.1,20%,6%,40%,0.15776500000000002,0.213115682,562,562,0.457295374,1043
CZCE.SF,60s,"('2016-05-25', '2019-06-21')","(-10, 8)",0.1,46%,15%,50%,0.300565483,0.23189100399999998,544,542,0.43726937299999996,1044
DCE.JM,60s,"('2016-05-25', '2019-06-21')","(-3, 3)",0.1,-28%,-9%,44%,-0.20450795,-0.430379825,831,831,0.45126353799999996,1045
CZCE.SM,60s,"('2016-05-25', '2019-06-21')","(-12, 10)",0.1,-4%,-1%,33%,-0.040553892,-0.043970188,685,685,0.445255474,1046
DCE.JM,60s,"('2016-05-25', '2019-06-21')","(-6.5, 4)",0.1,62%,20%,25%,0.824979283,0.9954599279999999,310,310,0.541935484,1047
SHFE.HC,60s,"('2016-05-25', '2019-06-21')","(-12, 11)",0.1,-20%,-7%,29%,-0.224405694,-0.435420307,241,241,0.439834025,1048
CZCE.SF,60s,"('2016-05-25', '2019-06-21')","(-11, 8)",0.1,50%,16%,53%,0.30406530600000004,0.249741025,510,508,0.44094488200000004,1049
CZCE.SM,60s,"('2016-05-25', '2019-06-21')","(-15, 13)",0.1,-13%,-4%,34%,-0.128263014,-0.16468116300000002,512,512,0.453125,1050
"['SHFE.RB', 'DCE.J', 'DCE.I', 'DCE.JM', 'SHFE.NI']",60s,"('2016-05-25', '2019-06-21')","[(-9, 7.5), (-6.5, 5.5), (-2.5, 2), (-6.5, 4), (-200, 180)]",0.1,184%,60%,25%,2.38641277,2.159736491,2094,2094,0.531518625,1051
['SHFE.ZN'],60s,"('2016-05-25', '2019-06-21')","[(-35, 30)]",0.1,4%,1%,9%,0.143263912,0.1256897,820,820,0.46097561,1052
['CZCE.CF'],60s,"('2016-05-25', '2019-06-21')","[(-22, 25)]",0.1,-13%,-4%,22%,-0.187988139,-0.424145967,579,579,0.45077720200000004,1053
['SHFE.CU'],60s,"('2016-05-25', '2019-06-21')","[(-80, 78)]",0.1,-4%,-1%,11%,-0.116905335,-0.221803065,349,349,0.467048711,1054
['CZCE.SR'],60s,"('2016-05-25', '2019-06-21')","[(-4, 10)]",0.1,22%,7%,8%,0.947184375,0.842862094,602,602,0.48504983399999996,1055
['DCE.M'],60s,"('2016-05-25', '2019-06-21')","[(-6, 8)]",0.1,4%,1%,7%,0.19058154600000002,0.187010504,225,225,0.5111111110000001,1056
['DCE.JM'],60s,"('2016-05-25', '2019-06-21')","[(-5, 4)]",0.1,25%,8%,12%,0.683170099,0.954342945,377,377,0.522546419,1057
['DCE.PP'],60s,"('2016-05-25', '2019-06-21')","[(-20, 23)]",0.1,-1%,0%,12%,-0.031021872000000002,-0.043904560999999995,313,313,0.485623003,1058
['SHFE.RU'],60s,"('2016-05-25', '2019-06-21')","[(-40, 45)]",0.1,9%,3%,17%,0.165853691,0.290543853,404,404,0.457920792,1059
['SHFE.CU'],60s,"('2016-05-25', '2019-06-21')","{'diffThresh': [(-95, 78)]}",{'fixedRatio': 0.1},2%,1%,19%,0.034053573,0.05595015,296,296,0.486486486,1060
"['SHFE.RB', 'DCE.J', 'DCE.I', 'DCE.JM', 'SHFE.NI', 'SHFE.CU']",60s,"('2016-05-25', '2019-06-21')","{'diffThresh': [(-9, 7.5), (-6.5, 5.5), (-2.5, 2), (-5, 4), (-200, 180), (-95, 78)], 'openCountThresh': (8888, 1, 1)}","{'fixedVol': {'涓': {'SHFE.CU': 10, 'SHFE.RB': 68, 'SHFE.NI': 24, 'DCE.I': 40, 'DCE.J': 11, 'DCE.JM': 32}}}",1.583423775,0.514647977,0.250788818,2.052116916,1.907749231,2457,2457,0.523402523,1061
['DCE.JM'],60s,"('2016-05-25', '2019-06-21')","{'diffThresh': [(-6.5, 5)], 'openCountThresh': (8888, 1, 1)}",{'fixedVol': {'下单手数': {'DCE.JM': 32}}},0.160714263,0.052235713,0.14799413,0.352958007,0.5843421010000001,226,226,0.526548673,1062
['DCE.PP'],60s,"('2016-05-25', '2019-06-21')","{'diffThresh': [(-16, 12)], 'openCountThresh': (8888, 1, 1)}",{'fixedVol': {'下单手数': {'DCE.PP': 56}}},0.123557257,0.040158859,0.089333313,0.44953956899999997,0.58544592,666,666,0.484984985,1063
['CZCE.TA'],60s,"('2016-05-25', '2019-06-21')","{'diffThresh': [(-18, 13)], 'openCountThresh': (8888, 1, 1)}",{'fixedVol': {'下单手数': {'CZCE.TA': 77}}},0.031721126,0.010310072,0.09507304,0.108443698,0.211275887,191,191,0.523560209,1064
['DCE.P'],60s,"('2016-05-25', '2019-06-21')","{'diffThresh': [(-15, 16)], 'openCountThresh': (8888, 1, 1)}",{'fixedVol': {'下单手数': {'DCE.P': 52}}},-0.03944455,-0.012820357,0.057159241,-0.224291938,-0.38034190100000004,95,95,0.494736842,1065
['CZCE.CF'],60s,"('2016-05-25', '2019-06-21')","{'diffThresh': [(-23, 25)], 'openCountThresh': (8888, 1, 1)}",{'fixedVol': {'下单手数': {'CZCE.CF': 42}}},-0.208665972,-0.067821086,0.272129244,-0.249223807,-0.752675503,496,496,0.447580645,1066
['DCE.L'],60s,"('2016-05-25', '2019-06-21')","{'diffThresh': [(-12, 13)], 'openCountThresh': (8888, 1, 1)}",{'fixedVol': {'下单手数': {'DCE.L': 57}}},-0.05397294,-0.017542407,0.170317658,-0.102998169,-0.25729131899999996,744,744,0.45026881700000004,1067
['CZCE.OI'],60s,"('2016-05-25', '2019-06-21')","{'diffThresh': [(-7, 10)], 'openCountThresh': (8888, 1, 1)}",{'fixedVol': {'下单手数': {'CZCE.OI': 37}}},-0.049912501,-0.016222674,0.097265695,-0.166787212,-0.286635582,597,597,0.48241206,1068
['CZCE.OI'],60s,"('2016-10-01', '2019-09-01')","{'diffThresh': {'CZCE.OI': (-8, 9)}, 'openCountThresh': (8888, 1, 1)}",{'fixedVol': {'下单手数': {'CZCE.OI': 37}}},-0.085986344,-0.029552745,0.121205336,-0.24382379899999998,-0.589524077,502,502,0.460159363,1069
['CZCE.OI'],60s,"('2016-10-01', '2019-09-01')","{'diffThresh': {'CZCE.OI': (-8, 11)}, 'openCountThresh': (8888, 1, 1)}",{'fixedVol': {'下单手数': {'CZCE.OI': 37}}},-0.112165876,-0.038550419,0.116351291,-0.331327813,-0.7661030409999999,432,432,0.45833333299999995,1070
['CZCE.OI'],60s,"('2016-10-01', '2019-09-01')","{'diffThresh': {'CZCE.OI': (-8, 8)}, 'openCountThresh': (8888, 1, 1)}",{'fixedVol': {'下单手数': {'CZCE.OI': 37}}},-0.153433138,-0.052235895,0.174113906,-0.300009894,-1.001424534,557,556,0.44964028799999994,1071
['CZCE.OI'],60s,"('2016-10-01', '2019-09-01')","{'diffThresh': {'CZCE.OI': (-8, 12)}, 'openCountThresh': (8888, 1, 1)}",{'fixedVol': {'下单手数': {'CZCE.OI': 37}}},-0.105381981,-0.036218854,0.109567396,-0.33056233399999996,-0.7264231790000001,392,392,0.45663265299999994,1072
['CZCE.OI'],60s,"('2016-10-01', '2019-09-01')","{'diffThresh': {'CZCE.OI': (-8, 10)}, 'openCountThresh': (8888, 1, 1)}",{'fixedVol': {'下单手数': {'CZCE.OI': 37}}},-0.094118357,-0.032347646,0.116590277,-0.27744720300000003,-0.634449476,472,472,0.46186440700000003,1073
['CZCE.OI'],60s,"('2016-10-01', '2019-09-01')","{'diffThresh': {'CZCE.OI': (-6, 9)}, 'openCountThresh': (8888, 1, 1)}",{'fixedVol': {'下单手数': {'CZCE.OI': 37}}},-0.135455962,-0.046555015,0.155321499,-0.29973323399999996,-0.8593883390000001,646,646,0.452012384,1074
['CZCE.OI'],60s,"('2016-10-01', '2019-09-01')","{'diffThresh': {'CZCE.OI': (-6, 11)}, 'openCountThresh': (8888, 1, 1)}",{'fixedVol': {'下单手数': {'CZCE.OI': 37}}},-0.180311166,-0.061971352,0.182699811,-0.339197679,-1.05345305,575,575,0.45565217399999997,1075
['CZCE.OI'],60s,"('2016-10-01', '2019-09-01')","{'diffThresh': {'CZCE.OI': (-6, 8)}, 'openCountThresh': (8888, 1, 1)}",{'fixedVol': {'下单手数': {'CZCE.OI': 37}}},-0.203200931,-0.069340644,0.22012204,-0.315010002,-1.2406795240000001,701,700,0.44285714299999995,1076
['CZCE.OI'],60s,"('2016-10-01', '2019-09-01')","{'diffThresh': {'CZCE.OI': (-6, 12)}, 'openCountThresh': (8888, 1, 1)}",{'fixedVol': {'下单手数': {'CZCE.OI': 37}}},-0.172934898,-0.059436194,0.175323542,-0.339008629,-1.016991012,535,535,0.456074766,1077
['CZCE.OI'],60s,"('2016-10-01', '2019-09-01')","{'diffThresh': {'CZCE.OI': (-6, 10)}, 'openCountThresh': (8888, 1, 1)}",{'fixedVol': {'下单手数': {'CZCE.OI': 37}}},-0.143982865,-0.049485636,0.162913599,-0.303753871,-0.8838773659999999,615,615,0.46016260200000003,1078
['CZCE.OI'],60s,"('2016-10-01', '2019-09-01')","{'diffThresh': {'CZCE.OI': (-9, 9)}, 'openCountThresh': (8888, 1, 1)}",{'fixedVol': {'下单手数': {'CZCE.OI': 37}}},-0.138635945,-0.047647947,0.171803505,-0.27733978600000003,-1.003359028,446,446,0.468609865,1079
['CZCE.OI'],60s,"('2016-10-01', '2019-09-01')","{'diffThresh': {'CZCE.OI': (-9, 11)}, 'openCountThresh': (8888, 1, 1)}",{'fixedVol': {'下单手数': {'CZCE.OI': 37}}},-0.14202587,-0.048813034,0.146211285,-0.333852715,-1.060883471,376,376,0.470744681,1080
['CZCE.OI'],60s,"('2016-10-01', '2019-09-01')","{'diffThresh': {'CZCE.OI': (-9, 8)}, 'openCountThresh': (8888, 1, 1)}",{'fixedVol': {'下单手数': {'CZCE.OI': 37}}},-0.210597003,-0.071882609,0.23459479,-0.306411787,-1.449071019,501,500,0.45399999999999996,1081
['CZCE.OI'],60s,"('2016-10-01', '2019-09-01')","{'diffThresh': {'CZCE.OI': (-9, 12)}, 'openCountThresh': (8888, 1, 1)}",{'fixedVol': {'下单手数': {'CZCE.OI': 37}}},-0.111640683,-0.038369915,0.115826098,-0.331271754,-0.850643259,336,336,0.470238095,1082
['CZCE.OI'],60s,"('2016-10-01', '2019-09-01')","{'diffThresh': {'CZCE.OI': (-9, 10)}, 'openCountThresh': (8888, 1, 1)}",{'fixedVol': {'下单手数': {'CZCE.OI': 37}}},-0.124496428,-0.04278832,0.143499123,-0.298178271,-0.9207710440000001,416,416,0.471153846,1083
['CZCE.OI'],60s,"('2016-10-01', '2019-09-01')","{'diffThresh': {'CZCE.OI': (-5, 9)}, 'openCountThresh': (8888, 1, 1)}",{'fixedVol': {'下单手数': {'CZCE.OI': 37}}},-0.129256959,-0.044424473,0.149248157,-0.29765508399999996,-0.7799214879999999,735,735,0.45170068,1084
['CZCE.OI'],60s,"('2016-10-01', '2019-09-01')","{'diffThresh': {'CZCE.OI': (-5, 11)}, 'openCountThresh': (8888, 1, 1)}",{'fixedVol': {'下单手数': {'CZCE.OI': 37}}},-0.170558361,-0.058619399,0.172947005,-0.338944284,-0.95336506,664,664,0.46084337299999995,1085
['CZCE.OI'],60s,"('2016-10-01', '2019-09-01')","{'diffThresh': {'CZCE.OI': (-5, 8)}, 'openCountThresh': (8888, 1, 1)}",{'fixedVol': {'下单手数': {'CZCE.OI': 37}}},-0.216311997,-0.073846802,0.23296984,-0.316980094,-1.250668075,790,789,0.4397972120000001,1086
['CZCE.OI'],60s,"('2016-10-01', '2019-09-01')","{'diffThresh': {'CZCE.OI': (-5, 12)}, 'openCountThresh': (8888, 1, 1)}",{'fixedVol': {'下单手数': {'CZCE.OI': 37}}},-0.156522497,-0.053795397,0.158911141,-0.338525016,-0.883940795,624,624,0.463141026,1087
['CZCE.OI'],60s,"('2016-10-01', '2019-09-01')","{'diffThresh': {'CZCE.OI': (-5, 10)}, 'openCountThresh': (8888, 1, 1)}",{'fixedVol': {'下单手数': {'CZCE.OI': 37}}},-0.137044018,-0.047100816,0.156109217,-0.301717073,-0.801494367,704,704,0.461647727,1088
['CZCE.OI'],60s,"('2016-10-01', '2019-09-01')","{'diffThresh': {'CZCE.OI': (-7, 9)}, 'openCountThresh': (8888, 1, 1)}",{'fixedVol': {'下单手数': {'CZCE.OI': 37}}},-0.096676208,-0.033226757,0.113921106,-0.291664629,-0.626807265,566,566,0.46289752700000003,1089
['CZCE.OI'],60s,"('2016-10-01', '2019-09-01')","{'diffThresh': {'CZCE.OI': (-7, 11)}, 'openCountThresh': (8888, 1, 1)}",{'fixedVol': {'下单手数': {'CZCE.OI': 37}}},-0.132720175,-0.04561475,0.134253825,-0.339764991,-0.804440926,495,495,0.46666666700000003,1090
['CZCE.OI'],60s,"('2016-10-01', '2019-09-01')","{'diffThresh': {'CZCE.OI': (-7, 8)}, 'openCountThresh': (8888, 1, 1)}",{'fixedVol': {'下单手数': {'CZCE.OI': 37}}},-0.168267748,-0.057334419,0.182682294,-0.313847705,-1.043912229,621,620,0.45161290299999995,1091
['CZCE.OI'],60s,"('2016-10-01', '2019-09-01')","{'diffThresh': {'CZCE.OI': (-7, 12)}, 'openCountThresh': (8888, 1, 1)}",{'fixedVol': {'下单手数': {'CZCE.OI': 37}}},-0.123272777,-0.042367762,0.124806427,-0.339467795,-0.7540744359999999,455,455,0.46813186799999995,1092
['CZCE.OI'],60s,"('2016-10-01', '2019-09-01')","{'diffThresh': {'CZCE.OI': (-7, 10)}, 'openCountThresh': (8888, 1, 1)}",{'fixedVol': {'下单手数': {'CZCE.OI': 37}}},-0.10475619,-0.036003775,0.121057938,-0.297409455,-0.6639390789999999,535,535,0.469158879,1093
['DCE.PP'],60s,"('2016-10-01', '2019-09-01')","{'diffThresh': {'DCE.PP': (-18, 10)}, 'openCountThresh': (8888, 1, 1)}",{'fixedVol': {'下单手数': {'DCE.PP': 56}}},-0.180357439,-0.061987255,0.230564036,-0.268850496,-0.840596006,665,665,0.45413533799999994,1094
['DCE.PP'],60s,"('2016-10-01', '2019-09-01')","{'diffThresh': {'DCE.PP': (-18, 11)}, 'openCountThresh': (8888, 1, 1)}",{'fixedVol': {'下单手数': {'DCE.PP': 56}}},-0.15044121,-0.051705312,0.206796239,-0.250030235,-0.718311368,626,626,0.46006389799999997,1095
['DCE.PP'],60s,"('2016-10-01', '2019-09-01')","{'diffThresh': {'DCE.PP': (-18, 12)}, 'openCountThresh': (8888, 1, 1)}",{'fixedVol': {'下单手数': {'DCE.PP': 56}}},-0.064816254,-0.022276773,0.161269637,-0.138133706,-0.324541133,577,577,0.473136915,1096
['DCE.PP'],60s,"('2016-10-01', '2019-09-01')","{'diffThresh': {'DCE.PP': (-18, 13)}, 'openCountThresh': (8888, 1, 1)}",{'fixedVol': {'下单手数': {'DCE.PP': 56}}},-0.085567341,-0.029408738,0.16155857,-0.182031432,-0.437530285,544,544,0.465073529,1097
['DCE.PP'],60s,"('2016-10-01', '2019-09-01')","{'diffThresh': {'DCE.PP': (-18, 14)}, 'openCountThresh': (8888, 1, 1)}",{'fixedVol': {'下单手数': {'DCE.PP': 56}}},-0.091337309,-0.031391825,0.1465395,-0.21422090600000002,-0.482722761,506,506,0.468379447,1098
['DCE.PP'],60s,"('2016-10-01', '2019-09-01')","{'diffThresh': {'DCE.PP': (-17, 10)}, 'openCountThresh': (8888, 1, 1)}",{'fixedVol': {'下单手数': {'DCE.PP': 56}}},-0.164780594,-0.056633632,0.212528703,-0.266475215,-0.763386226,693,693,0.454545455,1099
['DCE.PP'],60s,"('2016-10-01', '2019-09-01')","{'diffThresh': {'DCE.PP': (-17, 11)}, 'openCountThresh': (8888, 1, 1)}",{'fixedVol': {'下单手数': {'DCE.PP': 56}}},-0.133742248,-0.045966027,0.190729476,-0.241001169,-0.63109301,654,654,0.4617737,1100
['DCE.PP'],60s,"('2016-10-01', '2019-09-01')","{'diffThresh': {'DCE.PP': (-17, 12)}, 'openCountThresh': (8888, 1, 1)}",{'fixedVol': {'下单手数': {'DCE.PP': 56}}},-0.050468798,-0.017345679,0.147230075,-0.11781342300000001,-0.249289517,605,605,0.474380165,1101
['DCE.PP'],60s,"('2016-10-01', '2019-09-01')","{'diffThresh': {'DCE.PP': (-17, 13)}, 'openCountThresh': (8888, 1, 1)}",{'fixedVol': {'下单手数': {'DCE.PP': 56}}},-0.077715697,-0.026710197,0.160464889,-0.166455089,-0.38871121299999994,572,572,0.468531469,1102
['DCE.PP'],60s,"('2016-10-01', '2019-09-01')","{'diffThresh': {'DCE.PP': (-17, 14)}, 'openCountThresh': (8888, 1, 1)}",{'fixedVol': {'下单手数': {'DCE.PP': 56}}},-0.081134159,-0.027885092,0.142792981,-0.195283354,-0.418702959,534,534,0.473782772,1103
['DCE.PP'],60s,"('2016-10-01', '2019-09-01')","{'diffThresh': {'DCE.PP': (-16, 10)}, 'openCountThresh': (8888, 1, 1)}",{'fixedVol': {'下单手数': {'DCE.PP': 56}}},-0.115921301,-0.039841125,0.16395443,-0.24300121,-0.543556279,719,719,0.454798331,1104
['DCE.PP'],60s,"('2016-10-01', '2019-09-01')","{'diffThresh': {'DCE.PP': (-16, 11)}, 'openCountThresh': (8888, 1, 1)}",{'fixedVol': {'下单手数': {'DCE.PP': 56}}},-0.083704473,-0.028768486,0.137126879,-0.209794657,-0.39859003299999995,680,680,0.46323529399999996,1105
['DCE.PP'],60s,"('2016-10-01', '2019-09-01')","{'diffThresh': {'DCE.PP': (-16, 12)}, 'openCountThresh': (8888, 1, 1)}",{'fixedVol': {'下单手数': {'DCE.PP': 56}}},-0.000375764,-0.000129147,0.096389779,-0.0013398370000000002,-0.0018782120000000002,631,631,0.47385103,1106
['DCE.PP'],60s,"('2016-10-01', '2019-09-01')","{'diffThresh': {'DCE.PP': (-16, 13)}, 'openCountThresh': (8888, 1, 1)}",{'fixedVol': {'下单手数': {'DCE.PP': 56}}},-0.028966381,-0.009955489,0.098660403,-0.10090663,-0.146777811,598,598,0.466555184,1107
['DCE.PP'],60s,"('2016-10-01', '2019-09-01')","{'diffThresh': {'DCE.PP': (-16, 14)}, 'openCountThresh': (8888, 1, 1)}",{'fixedVol': {'下单手数': {'DCE.PP': 56}}},-0.032384842,-0.011130384,0.08125194,-0.136986066,-0.169195572,560,560,0.471428571,1108
['DCE.PP'],60s,"('2016-10-01', '2019-09-01')","{'diffThresh': {'DCE.PP': (-15, 10)}, 'openCountThresh': (8888, 1, 1)}",{'fixedVol': {'下单手数': {'DCE.PP': 56}}},-0.09586329,-0.032947364,0.152919222,-0.21545600199999998,-0.451777944,744,744,0.452956989,1109
['DCE.PP'],60s,"('2016-10-01', '2019-09-01')","{'diffThresh': {'DCE.PP': (-15, 11)}, 'openCountThresh': (8888, 1, 1)}",{'fixedVol': {'下单手数': {'DCE.PP': 56}}},-0.063646462,-0.021874726,0.119665271,-0.182799283,-0.304675975,705,705,0.460992908,1110
['DCE.PP'],60s,"('2016-10-01', '2019-09-01')","{'diffThresh': {'DCE.PP': (-15, 12)}, 'openCountThresh': (8888, 1, 1)}",{'fixedVol': {'下单手数': {'DCE.PP': 56}}},0.008092164,0.002781205,0.093480374,0.029751755,0.040308252999999995,656,656,0.471036585,1111
['DCE.PP'],60s,"('2016-10-01', '2019-09-01')","{'diffThresh': {'DCE.PP': (-15, 13)}, 'openCountThresh': (8888, 1, 1)}",{'fixedVol': {'下单手数': {'DCE.PP': 56}}},-0.022570888,-0.007757415,0.08563264,-0.09058946,-0.113843662,623,623,0.46388443,1112
['DCE.PP'],60s,"('2016-10-01', '2019-09-01')","{'diffThresh': {'DCE.PP': (-15, 14)}, 'openCountThresh': (8888, 1, 1)}",{'fixedVol': {'下单手数': {'DCE.PP': 56}}},-0.02822775,-0.009701628,0.08226957,-0.117924865,-0.146490825,585,585,0.468376068,1113
['DCE.PP'],60s,"('2016-10-01', '2019-09-01')","{'diffThresh': {'DCE.PP': (-14, 10)}, 'openCountThresh': (8888, 1, 1)}",{'fixedVol': {'下单手数': {'DCE.PP': 56}}},-0.087627517,-0.030116802,0.15010502,-0.20063820699999999,-0.409775764,770,770,0.45064935100000003,1114
['DCE.PP'],60s,"('2016-10-01', '2019-09-01')","{'diffThresh': {'DCE.PP': (-14, 11)}, 'openCountThresh': (8888, 1, 1)}",{'fixedVol': {'下单手数': {'DCE.PP': 56}}},-0.060177856,-0.020682596,0.128034359,-0.16153942300000002,-0.284975407,732,732,0.457650273,1115
['DCE.PP'],60s,"('2016-10-01', '2019-09-01')","{'diffThresh': {'DCE.PP': (-14, 12)}, 'openCountThresh': (8888, 1, 1)}",{'fixedVol': {'下单手数': {'DCE.PP': 56}}},0.016601005,0.005705619,0.101810767,0.056041405999999995,0.082127861,683,683,0.46852123,1116
['DCE.PP'],60s,"('2016-10-01', '2019-09-01')","{'diffThresh': {'DCE.PP': (-14, 13)}, 'openCountThresh': (8888, 1, 1)}",{'fixedVol': {'下单手数': {'DCE.PP': 56}}},-0.012605553,-0.004332417,0.090481478,-0.047881812,-0.063049854,650,650,0.463076923,1117
['DCE.PP'],60s,"('2016-10-01', '2019-09-01')","{'diffThresh': {'DCE.PP': (-14, 14)}, 'openCountThresh': (8888, 1, 1)}",{'fixedVol': {'下单手数': {'DCE.PP': 56}}},-0.015739369,-0.005409482,0.0663652,-0.081510821,-0.08104589,612,612,0.46895424799999996,1118
['DCE.L'],60s,"('2016-10-01', '2019-09-01')","{'diffThresh': {'DCE.L': (-14, 11)}, 'openCountThresh': (8888, 1, 1)}",{'fixedVol': {'下单手数': {'DCE.L': 57}}},-0.1873272087108356,-0.06438270355880885,0.2297228442915338,-0.2802625213759884,-0.9969320794774712,650,650,0.4461538461538462,1119
['DCE.L'],60s,"('2016-10-01', '2019-09-01')","{'diffThresh': {'DCE.L': (-14, 12)}, 'openCountThresh': (8888, 1, 1)}",{'fixedVol': {'下单手数': {'DCE.L': 57}}},-0.11060057101157084,-0.03801243730623668,0.19337522099600254,-0.19657346536153394,-0.6098470375237253,610,610,0.459016393442623,1120
['DCE.L'],60s,"('2016-10-01', '2019-09-01')","{'diffThresh': {'DCE.L': (-14, 13)}, 'openCountThresh': (8888, 1, 1)}",{'fixedVol': {'下单手数': {'DCE.L': 57}}},-0.07081624929477666,-0.02433891807212192,0.18270948349216132,-0.133211027730622,-0.3960946536297079,581,581,0.4647160068846816,1121
['DCE.L'],60s,"('2016-10-01', '2019-09-01')","{'diffThresh': {'DCE.L': (-14, 14)}, 'openCountThresh': (8888, 1, 1)}",{'fixedVol': {'下单手数': {'DCE.L': 57}}},-0.07297917708882745,-0.025082297210378548,0.17735509523592544,-0.1414241704023952,-0.4173118873994528,552,552,0.4673913043478261,1122
['DCE.L'],60s,"('2016-10-01', '2019-09-01')","{'diffThresh': {'DCE.L': (-14, 15)}, 'openCountThresh': (8888, 1, 1)}",{'fixedVol': {'下单手数': {'DCE.L': 57}}},-0.07376691715779751,-0.025353036499619674,0.15815590822648568,-0.16030407452950224,-0.4297116448955193,527,527,0.4629981024667932,1123
['DCE.L'],60s,"('2016-10-01', '2019-09-01')","{'diffThresh': {'DCE.L': (-13, 11)}, 'openCountThresh': (8888, 1, 1)}",{'fixedVol': {'下单手数': {'DCE.L': 57}}},-0.1873845734293252,-0.06440241930480575,0.22454303928412003,-0.2868154787168251,-0.9881668997210492,684,684,0.4444444444444444,1124
['DCE.L'],60s,"('2016-10-01', '2019-09-01')","{'diffThresh': {'DCE.L': (-13, 12)}, 'openCountThresh': (8888, 1, 1)}",{'fixedVol': {'下单手数': {'DCE.L': 57}}},-0.11151275618946552,-0.03832594727792365,0.1888365227118434,-0.2029583405134368,-0.6085858157897674,644,644,0.4565217391304348,1125
['DCE.L'],60s,"('2016-10-01', '2019-09-01')","{'diffThresh': {'DCE.L': (-13, 13)}, 'openCountThresh': (8888, 1, 1)}",{'fixedVol': {'下单手数': {'DCE.L': 57}}},-0.07253125097894147,-0.02492834897110512,0.1748707974248622,-0.14255295531443,-0.4014654355870316,616,616,0.4626623376623377,1126
['DCE.L'],60s,"('2016-10-01', '2019-09-01')","{'diffThresh': {'DCE.L': (-13, 14)}, 'openCountThresh': (8888, 1, 1)}",{'fixedVol': {'下单手数': {'DCE.L': 57}}},-0.07469417877299209,-0.025671728109361688,0.17097439749524204,-0.1501495456948523,-0.4224765982699815,587,587,0.4650766609880749,1127
['DCE.L'],60s,"('2016-10-01', '2019-09-01')","{'diffThresh': {'DCE.L': (-13, 15)}, 'openCountThresh': (8888, 1, 1)}",{'fixedVol': {'下单手数': {'DCE.L': 57}}},-0.07548191884196195,-0.025942467398602745,0.15154895439088908,-0.17118209428017256,-0.4347457047108589,562,562,0.4608540925266904,1128
['DCE.L'],60s,"('2016-10-01', '2019-09-01')","{'diffThresh': {'DCE.L': (-12, 11)}, 'openCountThresh': (8888, 1, 1)}",{'fixedVol': {'下单手数': {'DCE.L': 57}}},-0.17477564593165965,-0.0600688425283011,0.22223036560424345,-0.2702998861788045,-0.9007111416036329,729,729,0.4417009602194787,1129
['DCE.L'],60s,"('2016-10-01', '2019-09-01')","{'diffThresh': {'DCE.L': (-12, 12)}, 'openCountThresh': (8888, 1, 1)}",{'fixedVol': {'下单手数': {'DCE.L': 57}}},-0.09690793091985508,-0.033306398103340025,0.18656163635724102,-0.17852758345002212,-0.5182354261452164,689,689,0.4542815674891146,1130
['DCE.L'],60s,"('2016-10-01', '2019-09-01')","{'diffThresh': {'DCE.L': (-12, 13)}, 'openCountThresh': (8888, 1, 1)}",{'fixedVol': {'下单手数': {'DCE.L': 57}}},-0.05735690450306088,-0.019713060398886272,0.17144113718897594,-0.11498442393762813,-0.3116069777214476,661,661,0.4614220877458397,1131
['DCE.L'],60s,"('2016-10-01', '2019-09-01')","{'diffThresh': {'DCE.L': (-12, 14)}, 'openCountThresh': (8888, 1, 1)}",{'fixedVol': {'下单手数': {'DCE.L': 57}}},-0.05980525125024654,-0.020554535505028237,0.16576055110137103,-0.12400137046152852,-0.3313658452709236,632,632,0.4636075949367088,1132
['DCE.L'],60s,"('2016-10-01', '2019-09-01')","{'diffThresh': {'DCE.L': (-12, 15)}, 'openCountThresh': (8888, 1, 1)}",{'fixedVol': {'下单手数': {'DCE.L': 57}}},-0.061732751931756175,-0.021217000428522603,0.14777263139126745,-0.14357868726276474,-0.34776652988365125,607,607,0.4596375617792422,1133
['DCE.L'],60s,"('2016-10-01', '2019-09-01')","{'diffThresh': {'DCE.L': (-11, 11)}, 'openCountThresh': (8888, 1, 1)}",{'fixedVol': {'下单手数': {'DCE.L': 57}}},-0.15774630855577962,-0.054216010002692626,0.19181701691182748,-0.2826444226667027,-0.8087653193801334,767,767,0.4445893089960887,1134
['DCE.L'],60s,"('2016-10-01', '2019-09-01')","{'diffThresh': {'DCE.L': (-11, 12)}, 'openCountThresh': (8888, 1, 1)}",{'fixedVol': {'下单手数': {'DCE.L': 57}}},-0.0807337731033802,-0.027747483222913157,0.16045677623147503,-0.17292808614629415,-0.4304890092326764,727,727,0.4580467675378267,1135
['DCE.L'],60s,"('2016-10-01', '2019-09-01')","{'diffThresh': {'DCE.L': (-11, 13)}, 'openCountThresh': (8888, 1, 1)}",{'fixedVol': {'下单手数': {'DCE.L': 57}}},-0.05229541265885085,-0.017973470452429904,0.1537947018287003,-0.11686664260027065,-0.2799495670022203,699,699,0.4649499284692418,1136
['DCE.L'],60s,"('2016-10-01', '2019-09-01')","{'diffThresh': {'DCE.L': (-11, 14)}, 'openCountThresh': (8888, 1, 1)}",{'fixedVol': {'下单手数': {'DCE.L': 57}}},-0.044483878993176296,-0.015288715473172645,0.1435813450662998,-0.10648121081546466,-0.2440450856920283,670,670,0.4686567164179105,1137
['DCE.L'],60s,"('2016-10-01', '2019-09-01')","{'diffThresh': {'DCE.L': (-11, 15)}, 'openCountThresh': (8888, 1, 1)}",{'fixedVol': {'下单手数': {'DCE.L': 57}}},-0.05496149946873635,-0.018889780890855714,0.1315509064643994,-0.14359293598609835,-0.30462806109104634,645,645,0.4651162790697674,1138
['DCE.L'],60s,"('2016-10-01', '2019-09-01')","{'diffThresh': {'DCE.L': (-10, 11)}, 'openCountThresh': (8888, 1, 1)}",{'fixedVol': {'下单手数': {'DCE.L': 57}}},-0.19902067008181848,-0.0684016427305685,0.2375712061557951,-0.2879205937343765,-0.9993782355203696,821,821,0.440925700365408,1139
['DCE.L'],60s,"('2016-10-01', '2019-09-01')","{'diffThresh': {'DCE.L': (-10, 12)}, 'openCountThresh': (8888, 1, 1)}",{'fixedVol': {'下单手数': {'DCE.L': 57}}},-0.11288873302909899,-0.0387988583386263,0.19677176227193813,-0.19717696223610767,-0.5922903936762021,781,781,0.4558258642765685,1140
['DCE.L'],60s,"('2016-10-01', '2019-09-01')","{'diffThresh': {'DCE.L': (-10, 13)}, 'openCountThresh': (8888, 1, 1)}",{'fixedVol': {'下单手数': {'DCE.L': 57}}},-0.06906121031528004,-0.023735726709112254,0.18888695455970544,-0.12566101647644282,-0.3645145994368238,753,753,0.4634794156706507,1141
['DCE.L'],60s,"('2016-10-01', '2019-09-01')","{'diffThresh': {'DCE.L': (-10, 14)}, 'openCountThresh': (8888, 1, 1)}",{'fixedVol': {'下单手数': {'DCE.L': 57}}},-0.057545334958850405,-0.019777822278700938,0.17526100948728265,-0.11284781673094305,-0.31111909408792704,724,724,0.4668508287292818,1142
['DCE.L'],60s,"('2016-10-01', '2019-09-01')","{'diffThresh': {'DCE.L': (-10, 15)}, 'openCountThresh': (8888, 1, 1)}",{'fixedVol': {'下单手数': {'DCE.L': 57}}},-0.06830933198754527,-0.02347731278291339,0.1674739966332104,-0.14018482424069528,-0.372990938703062,699,699,0.463519313304721,1143
['CZCE.CF'],60s,"('2016-10-01', '2019-09-01')","{'diffThresh': {'CZCE.CF': (-25, 23)}, 'openCountThresh': (8888, 1, 1)}",{'fixedVol': {'下单手数': {'CZCE.CF': 42}}},-0.23198804079128485,-0.07973223624182578,0.29481854499520144,-0.2704451181764143,-0.9962028608260624,416,416,0.4375,1144
['CZCE.CF'],60s,"('2016-10-01', '2019-09-01')","{'diffThresh': {'CZCE.CF': (-25, 24)}, 'openCountThresh': (8888, 1, 1)}",{'fixedVol': {'下单手数': {'CZCE.CF': 42}}},-0.19930429570022515,-0.06849912234518096,0.25091758018477534,-0.2729945119618096,-0.8633384580364993,393,393,0.4427480916030535,1145
['CZCE.CF'],60s,"('2016-10-01', '2019-09-01')","{'diffThresh': {'CZCE.CF': (-25, 25)}, 'openCountThresh': (8888, 1, 1)}",{'fixedVol': {'下单手数': {'CZCE.CF': 42}}},-0.20404717099262532,-0.07012920660292678,0.2535410677075031,-0.2765990032188045,-0.8885800810128626,380,380,0.4421052631578947,1146
['CZCE.CF'],60s,"('2016-10-01', '2019-09-01')","{'diffThresh': {'CZCE.CF': (-25, 26)}, 'openCountThresh': (8888, 1, 1)}",{'fixedVol': {'下单手数': {'CZCE.CF': 42}}},-0.18977928998867563,-0.06522546219008155,0.24130094084122586,-0.2703075336660183,-0.8315782774215834,362,362,0.4419889502762431,1147
['CZCE.CF'],60s,"('2016-10-01', '2019-09-01')","{'diffThresh': {'CZCE.CF': (-25, 27)}, 'openCountThresh': (8888, 1, 1)}",{'fixedVol': {'下单手数': {'CZCE.CF': 42}}},-0.20276407946654576,-0.06968821940234388,0.2444936739825931,-0.28503076691998736,-0.9128159000122212,350,350,0.4428571428571429,1148
['CZCE.CF'],60s,"('2016-10-01', '2019-09-01')","{'diffThresh': {'CZCE.CF': (-24, 23)}, 'openCountThresh': (8888, 1, 1)}",{'fixedVol': {'下单手数': {'CZCE.CF': 42}}},-0.2057519025701955,-0.0707151077571764,0.26514787232910286,-0.2667006419323797,-0.8890832619813903,427,427,0.4449648711943794,1149
['CZCE.CF'],60s,"('2016-10-01', '2019-09-01')","{'diffThresh': {'CZCE.CF': (-24, 24)}, 'openCountThresh': (8888, 1, 1)}",{'fixedVol': {'下单手数': {'CZCE.CF': 42}}},-0.1730681574791358,-0.0594819938605316,0.22124690751867662,-0.2688489277777155,-0.7488432573574186,404,404,0.44801980198019803,1150
['CZCE.CF'],60s,"('2016-10-01', '2019-09-01')","{'diffThresh': {'CZCE.CF': (-24, 25)}, 'openCountThresh': (8888, 1, 1)}",{'fixedVol': {'下单手数': {'CZCE.CF': 42}}},-0.1778110327715358,-0.06111207811827737,0.22420333544837878,-0.27257434862001856,-0.7734365794409473,391,391,0.4475703324808184,1151
['CZCE.CF'],60s,"('2016-10-01', '2019-09-01')","{'diffThresh': {'CZCE.CF': (-24, 26)}, 'openCountThresh': (8888, 1, 1)}",{'fixedVol': {'下单手数': {'CZCE.CF': 42}}},-0.1627033281583459,-0.055919693764403255,0.21079646625780762,-0.2652781365699581,-0.7127031177543717,373,373,0.4477211796246649,1152
['CZCE.CF'],60s,"('2016-10-01', '2019-09-01')","{'diffThresh': {'CZCE.CF': (-24, 27)}, 'openCountThresh': (8888, 1, 1)}",{'fixedVol': {'下单手数': {'CZCE.CF': 42}}},-0.17568811763621614,-0.06038245097666562,0.2139891993991748,-0.28217522728344985,-0.7906280059619268,361,361,0.4487534626038781,1153
['CZCE.CF'],60s,"('2016-10-01', '2019-09-01')","{'diffThresh': {'CZCE.CF': (-23, 23)}, 'openCountThresh': (8888, 1, 1)}",{'fixedVol': {'下单手数': {'CZCE.CF': 42}}},-0.19988402156162505,-0.06869836899246058,0.25216323738497043,-0.2724361001424674,-0.8549733572729288,442,442,0.4502262443438914,1154
['CZCE.CF'],60s,"('2016-10-01', '2019-09-01')","{'diffThresh': {'CZCE.CF': (-23, 24)}, 'openCountThresh': (8888, 1, 1)}",{'fixedVol': {'下单手数': {'CZCE.CF': 42}}},-0.17119182001445546,-0.058837113281804375,0.21389279984136936,-0.27507757776531105,-0.7304306955716403,419,419,0.4510739856801909,1155
['CZCE.CF'],60s,"('2016-10-01', '2019-09-01')","{'diffThresh': {'CZCE.CF': (-23, 25)}, 'openCountThresh': (8888, 1, 1)}",{'fixedVol': {'下单手数': {'CZCE.CF': 42}}},-0.1727853567722054,-0.05938479776069207,0.21372247058112298,-0.2778594014902672,-0.7414803235426051,406,406,0.4532019704433498,1156
['CZCE.CF'],60s,"('2016-10-01', '2019-09-01')","{'diffThresh': {'CZCE.CF': (-23, 26)}, 'openCountThresh': (8888, 1, 1)}",{'fixedVol': {'下单手数': {'CZCE.CF': 42}}},-0.16187853420521553,-0.055636219383148465,0.20031560139055182,-0.2777428168197219,-0.6963960136503845,388,388,0.4536082474226804,1157
['CZCE.CF'],60s,"('2016-10-01', '2019-09-01')","{'diffThresh': {'CZCE.CF': (-23, 27)}, 'openCountThresh': (8888, 1, 1)}",{'fixedVol': {'下单手数': {'CZCE.CF': 42}}},-0.17486332368308577,-0.06009897659541083,0.20502169624826383,-0.2931347154724351,-0.7720691072759509,376,376,0.4547872340425532,1158
['CZCE.CF'],60s,"('2016-10-01', '2019-09-01')","{'diffThresh': {'CZCE.CF': (-22, 23)}, 'openCountThresh': (8888, 1, 1)}",{'fixedVol': {'下单手数': {'CZCE.CF': 42}}},-0.23804515890350425,-0.08181401412408573,0.2715990829488566,-0.3012308187339929,-1.0071417229158686,468,468,0.4444444444444444,1159
['CZCE.CF'],60s,"('2016-10-01', '2019-09-01')","{'diffThresh': {'CZCE.CF': (-22, 24)}, 'openCountThresh': (8888, 1, 1)}",{'fixedVol': {'下单手数': {'CZCE.CF': 42}}},-0.21313216359791468,-0.07325163814805918,0.23708075403319367,-0.3089733641466452,-0.8961654871574563,445,445,0.4449438202247191,1160
['CZCE.CF'],60s,"('2016-10-01', '2019-09-01')","{'diffThresh': {'CZCE.CF': (-22, 25)}, 'openCountThresh': (8888, 1, 1)}",{'fixedVol': {'下单手数': {'CZCE.CF': 42}}},-0.21472570035566482,-0.07379932262694695,0.23657748436597306,-0.311945673210318,-0.9079241850087342,432,432,0.4467592592592592,1161
['CZCE.CF'],60s,"('2016-10-01', '2019-09-01')","{'diffThresh': {'CZCE.CF': (-22, 26)}, 'openCountThresh': (8888, 1, 1)}",{'fixedVol': {'下单手数': {'CZCE.CF': 42}}},-0.20381887778867483,-0.0700507442494033,0.22476855266892376,-0.3116572288143244,-0.8638504793499995,414,414,0.4468599033816425,1162
['CZCE.CF'],60s,"('2016-10-01', '2019-09-01')","{'diffThresh': {'CZCE.CF': (-22, 27)}, 'openCountThresh': (8888, 1, 1)}",{'fixedVol': {'下单手数': {'CZCE.CF': 42}}},-0.2136530057318952,-0.07343064697941784,0.24227680632112472,-0.303085747638961,-0.9299182929414296,402,402,0.4477611940298508,1163
['CZCE.CF'],60s,"('2016-10-01', '2019-09-01')","{'diffThresh': {'CZCE.CF': (-21, 23)}, 'openCountThresh': (8888, 1, 1)}",{'fixedVol': {'下单手数': {'CZCE.CF': 42}}},-0.22485107290022383,-0.07727932354857034,0.27974248114272754,-0.2762516555686857,-0.9446042801860376,488,488,0.4549180327868853,1164
['CZCE.CF'],60s,"('2016-10-01', '2019-09-01')","{'diffThresh': {'CZCE.CF': (-21, 24)}, 'openCountThresh': (8888, 1, 1)}",{'fixedVol': {'下单手数': {'CZCE.CF': 42}}},-0.19993807759463406,-0.06871694757254372,0.24873341298334684,-0.2762674573887845,-0.8348453837755327,465,465,0.4559139784946237,1165
['CZCE.CF'],60s,"('2016-10-01', '2019-09-01')","{'diffThresh': {'CZCE.CF': (-21, 25)}, 'openCountThresh': (8888, 1, 1)}",{'fixedVol': {'下单手数': {'CZCE.CF': 42}}},-0.2015316143523842,-0.06926463205143149,0.24933260259818243,-0.2778001405739003,-0.8463243088513241,452,452,0.4579646017699115,1166
['CZCE.CF'],60s,"('2016-10-01', '2019-09-01')","{'diffThresh': {'CZCE.CF': (-21, 26)}, 'openCountThresh': (8888, 1, 1)}",{'fixedVol': {'下单手数': {'CZCE.CF': 42}}},-0.19230470360387425,-0.06609342449662345,0.23371481445206246,-0.28279518631104983,-0.8088676070072937,434,434,0.4585253456221198,1167
['CZCE.CF'],60s,"('2016-10-01', '2019-09-01')","{'diffThresh': {'CZCE.CF': (-21, 27)}, 'openCountThresh': (8888, 1, 1)}",{'fixedVol': {'下单手数': {'CZCE.CF': 42}}},-0.2021388315470946,-0.06947332722663797,0.23737975165248146,-0.2926674526492274,-0.8727626709282351,422,422,0.4597156398104265,1168
"['SHFE.RB', 'DCE.J', 'DCE.I', 'DCE.JM', 'SHFE.NI', 'SHFE.CU']",60s,"('2019-06-22', '2019-09-22')","{'diffThresh': {'SHFE.RB': (-9, 7.5), 'DCE.J': (-6.5, 5.5), 'DCE.I': (-2.5, 2), 'DCE.JM': (-6.5, 5), 'SHFE.NI': (-200, 180), 'SHFE.CU': (-95, 78)}, 'openCountThresh': (8888, 1, 1)}","{'fixedVol': {'下单手数': {'SHFE.CU': 10, 'SHFE.RB': 68, 'SHFE.NI': 24, 'DCE.I': 40, 'DCE.J': 11, 'DCE.JM': 32}}}",0.047810097260648755,0.20531055225261863,0.06011243247901245,3.415442426561268,0.9368423737704344,208,207,0.463768115942029,1169
['DCE.L'],60s,"('2016-10-01', '2019-09-01')","{'diffThresh': {'DCE.L': (-12, 22)}, 'openCountThresh': (8888, 1, 1)}",{'fixedVol': {'下单手数': {'DCE.L': 57}}},-0.0059029758964732285,-0.0020288005670552997,0.10177861953981282,-0.01993346516418109,-0.03482827133636162,473,473,0.49260042283298106,1170
['CZCE.CF'],60s,"('2016-10-01', '2019-09-01')","{'diffThresh': {'CZCE.CF': (-30, 35)}, 'openCountThresh': (8888, 1, 1)}",{'fixedVol': {'下单手数': {'CZCE.CF': 42}}},-0.08533030405409746,-0.02932727022574913,0.11804523656259835,-0.2484409458588965,-0.4445897333234004,224,224,0.4866071428571429,1171
"['SHFE.RB', 'DCE.J', 'DCE.I', 'DCE.JM', 'SHFE.NI', 'SHFE.CU']",60s,"('2019-06-22', '2019-09-26')","{'diffThresh': {'SHFE.RB': (-9, 7.5), 'DCE.J': (-6.5, 5.5), 'DCE.I': (-2.5, 2), 'DCE.JM': (-6.5, 5), 'SHFE.NI': (-200, 180), 'SHFE.CU': (-95, 78)}, 'openCountThresh': (8888, 1, 1)}","{'fixedVol': {'下单手数': {'SHFE.CU': 10, 'SHFE.RB': 68, 'SHFE.NI': 24, 'DCE.I': 40, 'DCE.J': 11, 'DCE.JM': 32}}}",0.030773254896764458,0.11823408460335819,0.06011243247901245,1.9668823856801707,0.5514300596421521,222,222,0.4594594594594595,1172
['SHFE.NI'],60s,"('2016-10-01', '2019-09-01')","{'diffThresh': {'SHFE.NI': (-190, 180)}, 'openCountThresh': (8888, 1, 1)}",{'fixedVol': {'下单手数': {'SHFE.NI': 24}}},0.12059158403107748,0.051738456811710395,0.07776589880275186,0.6653103430713457,0.7250750293604477,512,511,0.5205479452054794,1173
"['SHFE.RB', 'DCE.J', 'DCE.I', 'DCE.JM', 'SHFE.NI']",60s,"('2019-06-22', '2019-09-26')","{'diffThresh': {'SHFE.RB': (-9, 7.5), 'DCE.J': (-6.5, 5.5), 'DCE.I': (-2.5, 2), 'DCE.JM': (-6.5, 5), 'SHFE.NI': (-190, 180)}, 'openCountThresh': (8888, 1, 1)}","{'fixedVol': {'下单手数': {'SHFE.RB': 68, 'SHFE.NI': 24, 'DCE.I': 40, 'DCE.J': 11, 'DCE.JM': 32}}}",0.08267397624174841,0.31764211924461233,0.06176914663496684,5.142407440429143,1.4843311850739151,210,210,0.4666666666666667,1174
"['SHFE.RB', 'DCE.J', 'DCE.I', 'DCE.JM', 'SHFE.NI']",60s,"('2016-10-01', '2019-09-26')","{'diffThresh': {'SHFE.RB': (-9, 7.5), 'DCE.J': (-6.5, 5.5), 'DCE.I': (-2.5, 2), 'DCE.JM': (-6.5, 5), 'SHFE.NI': (-190, 180)}, 'openCountThresh': (8888, 1, 1)}","{'fixedVol': {'下单手数': {'SHFE.RB': 68, 'SHFE.NI': 24, 'DCE.I': 40, 'DCE.J': 11, 'DCE.JM': 32}}}",1.3114716842936571,0.4395658078670201,0.2541805347573278,1.7293448858571487,1.6969233329155238,2034,2034,0.5216322517207473,1175
"['SHFE.RB', 'DCE.J', 'DCE.I', 'DCE.JM', 'SHFE.NI']",60s,"('2019-06-22', '2019-09-26')","{'fixedVol': {'下单手数': {'SHFE.RB': 68, 'SHFE.NI': 24, 'DCE.I': 40, 'DCE.J': 11, 'DCE.JM': 32}}}","{'openCountThresh': (8888, 1, 1), 'diffThresh': {'SHFE.RB': [-9, 7.5], 'DCE.J': [-6.5, 5.5], 'DCE.I': [-2.5, 2], 'DCE.JM': [-6.5, 5], 'SHFE.NI': [-190, 180]}}",0.08267397624174841,0.31764211924461233,0.06176914663496684,5.142407440429143,1.4843311850739151,210,210,0.4666666666666667,1176
['DCE.L'],60s,"('2019-06-22', '2019-09-26')","{'openCountThresh': (8888, 1, 1), 'diffThresh': {'DCE.L': [-12, 22], 0: -13, 1: 22}}",{'fixedVol': {'下单手数': {'DCE.L': 57}}},0.016058225485124998,0.061697392653375,0.010120413668925878,6.096331105793938,1.6517185446641351,29,29,0.5517241379310345,1177
['DCE.L'],60s,"('2019-06-22', '2019-09-26')","{'openCountThresh': (8888, 1, 1), 'diffThresh': {'DCE.L': [-12, 22], 0: -12, 1: 22}}",{'fixedVol': {'下单手数': {'DCE.L': 57}}},0.016058225485124998,0.061697392653375,0.010120413668925878,6.096331105793938,1.6517185446641351,29,29,0.5517241379310345,1178
['DCE.L'],60s,"('2019-06-22', '2019-09-26')","{'openCountThresh': (8888, 1, 1), 'diffThresh': {'DCE.L': [-12, 22], 0: -11, 1: 22}}",{'fixedVol': {'下单手数': {'DCE.L': 57}}},0.016058225485124998,0.061697392653375,0.010120413668925878,6.096331105793938,1.6517185446641351,29,29,0.5517241379310345,1179
['CZCE.CF'],60s,"('2019-06-22', '2019-09-26')","{'openCountThresh': (8888, 1, 1), 'diffThresh': {'CZCE.CF': [-30, 35], 0: -31, 1: 35}}",{'fixedVol': {'下单手数': {'CZCE.CF': 42}}},-0.018436954357079975,-0.07083671937193886,0.02102926477727305,-3.3684829271109,-1.2935351340475674,18,18,0.4444444444444444,1180
['CZCE.CF'],60s,"('2019-06-22', '2019-09-26')","{'openCountThresh': (8888, 1, 1), 'diffThresh': {'CZCE.CF': [-30, 35], 0: -30, 1: 35}}",{'fixedVol': {'下单手数': {'CZCE.CF': 42}}},-0.018436954357079975,-0.07083671937193886,0.02102926477727305,-3.3684829271109,-1.2935351340475674,18,18,0.4444444444444444,1181
['CZCE.CF'],60s,"('2019-06-22', '2019-09-26')","{'openCountThresh': (8888, 1, 1), 'diffThresh': {'CZCE.CF': [-30, 35], 0: -29, 1: 35}}",{'fixedVol': {'下单手数': {'CZCE.CF': 42}}},-0.018436954357079975,-0.07083671937193886,0.02102926477727305,-3.3684829271109,-1.2935351340475674,18,18,0.4444444444444444,1182
"['SHFE.RB', 'DCE.J', 'DCE.I', 'DCE.JM', 'SHFE.NI']",60s,"('2019-06-22', '2019-09-26')","{'openCountThresh': (8888, 1, 1), 'diffThresh': {'SHFE.RB': [-9, 7.5], 'DCE.J': [-6.5, 5.5], 'DCE.I': [-2.5, 2], 'DCE.JM': [-6.5, 5], 'SHFE.NI': [-190, 180]}}","{'fixedVol': {'下单手数': {'SHFE.RB': 68, 'SHFE.NI': 24, 'DCE.I': 40, 'DCE.J': 11, 'DCE.JM': 32}}}",0.15233980600723643,0.5853055704488558,0.14024559459366334,4.1734328421842735,1.6706889359390296,210,208,0.47115384615384615,1183
"['SHFE.RB', 'DCE.J', 'DCE.I', 'DCE.JM', 'SHFE.NI']",60s,"('2019-06-22', '2019-09-26')","{'openCountThresh': (8888, 1, 1), 'diffThresh': {'SHFE.RB': [-9, 7.5], 'DCE.J': [-6.5, 5.5], 'DCE.I': [-2.5, 2], 'DCE.JM': [-6.5, 5], 'SHFE.NI': [-190, 180]}}","{'fixedVol': {'下单手数': {'SHFE.RB': 68, 'SHFE.NI': 24, 'DCE.I': 40, 'DCE.J': 11, 'DCE.JM': 32}}}",0.15233980600723643,0.5853055704488558,0.14024559459366334,4.1734328421842735,1.6706889359390296,210,208,0.47115384615384615,1184
"['SHFE.RB', 'DCE.J', 'DCE.I', 'DCE.JM', 'SHFE.NI']",60s,"('2019-06-22', '2019-09-26')","{'openCountThresh': (8888, 1, 1), 'diffThresh': {'SHFE.RB': [-9, 7.5], 'DCE.J': [-6.5, 5.5], 'DCE.I': [-2.5, 2], 'DCE.JM': [-6.5, 5], 'SHFE.NI': [-190, 180]}}","{'fixedVol': {'下单手数': {'SHFE.RB': 68, 'SHFE.NI': 24, 'DCE.I': 40, 'DCE.J': 11, 'DCE.JM': 32}}}",0.15233980600723643,0.5853055704488558,0.14024559459366334,4.1734328421842735,1.6706889359390296,210,208,0.47115384615384615,1185
"['SHFE.RB', 'DCE.J', 'DCE.I', 'DCE.JM', 'SHFE.NI']",60s,"('2019-06-22', '2019-09-26')","{'openCountThresh': (8888, 1, 1), 'diffThresh': {'SHFE.RB': [-9, 7.5], 'DCE.J': [-6.5, 5.5], 'DCE.I': [-2.5, 2], 'DCE.JM': [-6.5, 5], 'SHFE.NI': [-190, 180]}}","{'fixedVol': {'下单手数': {'SHFE.RB': 68, 'SHFE.NI': 24, 'DCE.I': 40, 'DCE.J': 11, 'DCE.JM': 32}}}",0.15233980600723643,0.5732374143571267,0.14024559459366334,4.0873826804897515,1.1820423731655536,210,208,0.47115384615384615,1186
"['SHFE.RB', 'DCE.J', 'DCE.I', 'DCE.JM', 'SHFE.NI']",60s,"('2019-06-22', '2019-09-26')","{'openCountThresh': (8888, 1, 1), 'diffThresh': {'SHFE.RB': [-9, 7.5], 'DCE.J': [-6.5, 5.5], 'DCE.I': [-2.5, 2], 'DCE.JM': [-6.5, 5], 'SHFE.NI': [-190, 180]}}","{'fixedVol': {'下单手数': {'SHFE.RB': 68, 'SHFE.NI': 24, 'DCE.I': 40, 'DCE.J': 11, 'DCE.JM': 32}}}",0.13872818738758042,0.5220184370769778,0.13777661876663835,3.7888753676061393,1.07687413024342,214,212,0.46226415094339623,1187
"['SHFE.RB', 'DCE.J', 'DCE.I', 'DCE.JM', 'SHFE.NI']",60s,"('2019-06-22', '2019-09-26')","{'openCountThresh': (8888, 1, 1), 'diffThresh': {'SHFE.RB': [-9, 7.5], 'DCE.J': [-6.5, 5.5], 'DCE.I': [-2.5, 2], 'DCE.JM': [-6.5, 5], 'SHFE.NI': [-190, 180]}}","{'fixedVol': {'下单手数': {'SHFE.RB': 68, 'SHFE.NI': 24, 'DCE.I': 40, 'DCE.J': 11, 'DCE.JM': 32}}}",0.07951443166019022,0.3087528463401003,0.0602286618290588,5.126344118625842,1.1143652678061156,207,207,0.463768115942029,1188
"['SHFE.RB', 'DCE.J', 'DCE.I', 'DCE.JM', 'SHFE.NI']",60s,"('2019-06-22', '2019-09-26')","{'openCountThresh': (8888, 1, 1), 'diffThresh': {'SHFE.RB': [-9, 7.5], 'DCE.J': [-6.5, 5.5], 'DCE.I': [-2.5, 2], 'DCE.JM': [-6.5, 5], 'SHFE.NI': [-190, 180]}}","{'fixedVol': {'下单手数': {'SHFE.RB': 68, 'SHFE.NI': 24, 'DCE.I': 40, 'DCE.J': 11, 'DCE.JM': 32}}}",0.08821104359751847,0.34252160545844934,0.0602286618290588,5.687020017655305,1.2366266902201408,208,208,0.46634615384615385,1189
"['SHFE.RB', 'DCE.J', 'DCE.I', 'DCE.JM', 'SHFE.NI']",60s,"('2019-06-22', '2019-09-26')","{'openCountThresh': (8888, 1, 1), 'diffThresh': {'SHFE.RB': [-9, 7.5], 'DCE.J': [-6.5, 5.5], 'DCE.I': [-2.5, 2], 'DCE.JM': [-6.5, 5], 'SHFE.NI': [-190, 180]}}","{'fixedVol': {'下单手数': {'SHFE.RB': 68, 'SHFE.NI': 24, 'DCE.I': 40, 'DCE.J': 11, 'DCE.JM': 32}}}",0.08821104359751847,0.34252160545844934,0.0602286618290588,5.687020017655305,1.2366266902201408,208,208,0.46634615384615385,1190
